id_a,database_a,id_b,database_b,sim,llm_result,llm_reason
20664d0e-24e3-4daa-8c5c-2ade6e0c2723,table,20664d0e-24e3-4daa-8c5c-2ade6e0c2723,openLCA,0.99999976,是,两组物质流的名称、结构、成分、排放环境及ID完全一致，仅数据库来源不同，不影响物质流的本质一致性。
9167dca7-615e-435c-8ba6-dbbf50e50e34,table,9167dca7-615e-435c-8ba6-dbbf50e50e34,openLCA,1.0000005,是,两组物质流的名称、分区、子分区及ID完全一致，仅数据库来源不同，结构和成分无差异，故为同一种。
1258b87f-6a94-4c0f-a51a-cef98a3bf534,table,1258b87f-6a94-4c0f-a51a-cef98a3bf534,openLCA,1.0000008,是,两组物质流的名称、分区、子分区及ID完全一致，仅数据库来源不同，不影响物质流的本质属性，故为同一种。
a861cfae-a310-4e9d-b9eb-5d555c9a684c,table,a861cfae-a310-4e9d-b9eb-5d555c9a684c,openLCA,1.0000002,是,两组物质流的名称、排放环境、ID均完全一致，仅数据库来源不同，不影响物质流的本质和结构。
7ad7644f-8796-438e-a15b-86345622886b,table,7ad7644f-8796-438e-a15b-86345622886b,openLCA,0.99963653,是,两组物质流的名称、同义词、排放环境、子环境及ID完全一致，仅数据库来源不同，不影响物质流的本质属性，故为同一种。
d7000952-5775-43af-a422-ef7645f260d5,table,d7000952-5775-43af-a422-ef7645f260d5,openLCA,0.9999999,是,两组物质流的名称、同义词、排放环境、子环境及ID完全一致，仅数据库来源不同，不影响物质流的本质属性。
ecc93a94-3bd5-4ecc-a6cc-d526e417c6fb,table,ecc93a94-3bd5-4ecc-a6cc-d526e417c6fb,openLCA,1.0000001,是,两组物质的名称、同义词、排放环境、子环境及唯一标识ID完全一致，仅数据库来源不同，不影响物质本身的结构和成分，故为同一种物质流。
35a27f5c-487b-48c6-bfd5-0a2dbacf2045,table,35a27f5c-487b-48c6-bfd5-0a2dbacf2045,openLCA,0.9999997,是,两组物质流的名称、同义词、排放区室、子区室及ID完全一致，仅数据库来源不同，不影响物质流的本质属性，故为同一种。
c6b48901-2e98-5091-9005-4bdde53090ed,openLCA,37198238-6552-54b4-852f-6d037bca7033,openLCA,0.8077827,否,"2,3,6-三氯苯甲酸是一种有机酸，化学结构为苯环上带有三个氯原子和一个羧基；而三氯杀螨醇（Trichlorfon）是一种有机磷农药，结构和功能完全不同，且化学式和用途均不相同，故不是同一种物质。"
2cbb504a-ce2f-40e9-9d38-e130e95a1242,table,2cbb504a-ce2f-40e9-9d38-e130e95a1242,openLCA,0.98247993,是,两组物质流的名称、同义词、化学物质标识、排放环境及子环境完全一致，唯一差别在数据库来源，不影响物质流的本质属性，故判定为同一种。
81c4ba39-8a3f-4a43-97b4-401605bbebf5,table,81c4ba39-8a3f-4a43-97b4-401605bbebf5,openLCA,0.9837113,是,两组物质流的名称、同义词、化学物质标识、排放环境及ID完全一致，仅数据库来源不同，结构和成分无差别，故为同一种物质流。
32d98afc-e42b-46f6-b53e-9c949875ab20,table,32d98afc-e42b-46f6-b53e-9c949875ab20,openLCA,0.98930484,是,两组物质流的名称、同义词、化学结构（benzo[a]pyrene）、排放环境（空气，低人口密度，长期）及ID完全一致，仅数据库来源不同，不影响物质流的本质属性。
5e13c2ab-5466-4ff5-816d-702dfdf25f76,table,5e13c2ab-5466-4ff5-816d-702dfdf25f76,openLCA,0.9811516,是,两组物质流的名称、同义词、化学标识、排放环境及ID完全一致，唯一差别在数据库来源，数据库不同不影响物质流的本质属性，故判定为同一种。
7d2de00e-9ebc-4b51-b802-defc24ed6c27,openLCA,5a4f1f3d-6dda-4f61-b7ee-88ed61f2152a,openLCA,0.8274518,否,"Dibenz(a,h)anthracene和Benz(a)anthracene是两种不同的多环芳烃，结构和化学式不同，前者含有五个环且结构更复杂，后者为四环结构，故不是同一种物质。"
23a4dfc7-c82e-4425-abf6-0195f78f3363,openLCA,4db9bb53-4bdd-4f32-a6a8-521f58c5825c,openLCA,0.8127581,否,"Dibenz(a,h)anthracene和Benz(a)anthracene是两种不同的多环芳烃，结构和化学式不同，前者含有更多的苯环，属于五环芳烃，后者是四环芳烃，故不是同一种物质。"
318d384a-bc73-589e-ba28-ec58ce9d93b5,openLCA,fca811d5-d0a7-5dfb-978a-f1d981c4b50a,openLCA,0.8044798,否,Fenthion和Parathion是两种不同的有机磷农药，化学结构和性质不同，尽管都属于有机磷类杀虫剂，但它们的分子式和毒性特性均不相同。
5c97dd6c-aaa5-4477-aaf8-dbd0674499c4,table,5c97dd6c-aaa5-4477-aaf8-dbd0674499c4,openLCA,0.94997716,是,两组物质流的名称、同义词、化学成分（四氯化碳）、排放环境及唯一标识ID完全一致，仅数据库来源不同，不构成本质差异。
0f9f3e17-eb81-4adb-8170-049bc6b66728,table,0f9f3e17-eb81-4adb-8170-049bc6b66728,openLCA,0.9466356,是,两组物质的名称、同义词、化学成分（碳四氯化物）、排放环境及唯一标识ID完全一致，仅数据库来源不同，不影响物质本身的判定
ba5c9458-44df-4d93-a7c3-9389f65166d8,table,ba5c9458-44df-4d93-a7c3-9389f65166d8,openLCA,0.96032065,是,两组物质的名称、同义词、化学式（tetrachloromethane）、产品型号（R-10）、别名（Freon 10）、排放环境及ID均一致，唯一差异是数据库来源，数据库不同不影响物质本身的判定。
86d12e70-0c64-4ecf-ba52-114fa0c5d402,table,86d12e70-0c64-4ecf-ba52-114fa0c5d402,openLCA,0.96068543,是,两组物质流的名称、同义词、化学式、产品型号（R-10）、用途（排放到空气）及唯一标识ID完全一致，仅数据库来源不同，不影响物质流的本质一致性。
921df5eb-cde6-40ea-8744-c02746db0a3c,table,921df5eb-cde6-40ea-8744-c02746db0a3c,openLCA,0.98363364,是,两组物质流的名称、同义词、化学形式、排放环境及ID完全一致，仅数据库来源不同，不影响物质流的本质属性，故为同一种。
9e8d685c-9948-4dc0-9c0b-d5c511e14d05,table,9e8d685c-9948-4dc0-9c0b-d5c511e14d05,openLCA,0.98302364,是,两组物质的名称、化学式、分布区间及ID完全一致，仅数据库来源不同，不影响物质本身的同一性。
dd2177a3-a3ae-4b66-98f2-a85153cd9416,table,dd2177a3-a3ae-4b66-98f2-a85153cd9416,openLCA,0.97299325,是,两组物质流的名称、同义词、化学物种（氰离子）、排放环境、子环境及唯一标识ID完全一致，仅数据库来源不同，不构成不同物质流。
d3e038e1-728c-4dea-ac30-c9abbbfcbc84,table,d3e038e1-728c-4dea-ac30-c9abbbfcbc84,openLCA,0.98397803,是,两组物质的名称、同义词、化学式、排放环境及唯一标识ID完全一致，表明它们描述的是同一种物质流。
8b953e90-3d44-5f0f-98c8-814f7a2fa006,openLCA,19bc6cbe-37d7-5dd1-a4bd-0877d754f51f,openLCA,0.92030615,否,Alpha-lindane和Beta-lindane是不同的异构体，结构和化学性质存在差异，故不是同一种物质。
8b953e90-3d44-5f0f-98c8-814f7a2fa006,openLCA,ac0d5750-4b04-5c58-a820-265cf76ad7ae,openLCA,0.90973765,否,Alpha-lindane和Lindane虽然名称相似，但Alpha-lindane指的是特定的异构体，而Lindane通常指的是γ-六氯环己烷（gamma-hexachlorocyclohexane），两者在分子结构和异构体身份上存在差异，因此不是同一种物质。
8b953e90-3d44-5f0f-98c8-814f7a2fa006,openLCA,71710f8d-7f66-53ae-8624-aecb0f461b72,openLCA,0.9001524,否,Alpha-lindane和Delta-lindane是不同的异构体，结构和化学性质不同，故不是同一种物质流。
9acd62b8-2051-5ccb-aa96-907b3313788a,openLCA,3b09ab66-a765-5465-9f0d-82de7c009c09,openLCA,0.9091937,否,Alpha-lindane和Beta-lindane是不同的异构体，结构和化学性质不同，故不是同一种物质流。
9acd62b8-2051-5ccb-aa96-907b3313788a,openLCA,3607c86c-34d8-5a1a-98f5-271cd3265617,openLCA,0.89570767,否,Alpha-lindane是六氯环己烷的α异构体，而Lindane通常指的是γ-六氯环己烷，两者是不同的异构体，结构和性质不同，故不是同一种物质。
9acd62b8-2051-5ccb-aa96-907b3313788a,openLCA,96a52c05-522a-5215-b20e-dd673259875d,openLCA,0.8867582,否,Alpha-lindane和Delta-lindane是不同的异构体，结构和化学性质不同，故不是同一种物质。
19bc6cbe-37d7-5dd1-a4bd-0877d754f51f,openLCA,ac0d5750-4b04-5c58-a820-265cf76ad7ae,openLCA,0.90288246,否,Beta-lindane和Lindane虽然名称相似，但Beta-lindane通常指的是一种特定的异构体或立体异构体，而Lindane一般指的是γ-六氯环己烷（gamma-hexachlorocyclohexane），两者在结构和化学性质上存在差异，因此不是同一种物质。
19bc6cbe-37d7-5dd1-a4bd-0877d754f51f,openLCA,71710f8d-7f66-53ae-8624-aecb0f461b72,openLCA,0.88063717,否,Beta-lindane和Delta-lindane是不同的异构体，结构和化学性质不同，故不是同一种物质流。
3b09ab66-a765-5465-9f0d-82de7c009c09,openLCA,3607c86c-34d8-5a1a-98f5-271cd3265617,openLCA,0.89167655,否,Beta-lindane和Lindane虽然名称相似，但Beta-lindane是指六氯环己烷的β异构体，而Lindane通常指γ-异构体，二者结构和性质不同，故不是同一种物质。
3b09ab66-a765-5465-9f0d-82de7c009c09,openLCA,96a52c05-522a-5215-b20e-dd673259875d,openLCA,0.8661457,否,Beta-lindane和Delta-lindane是不同的异构体，结构和化学性质不同，故不是同一种物质。
71710f8d-7f66-53ae-8624-aecb0f461b72,openLCA,ac0d5750-4b04-5c58-a820-265cf76ad7ae,openLCA,0.89111733,否,Delta-lindane和Lindane虽然名称相似，但Delta-lindane通常指的是六氯环己烷的δ异构体，而Lindane一般指γ-六氯环己烷异构体，二者结构异构，化学性质和毒性不同，因此不是同一种物质。
96a52c05-522a-5215-b20e-dd673259875d,openLCA,3607c86c-34d8-5a1a-98f5-271cd3265617,openLCA,0.877839,否,Delta-lindane是六氯环己烷的δ异构体，而Lindane通常指γ-六氯环己烷，两者为不同的异构体，结构和性质不同，故不是同一种物质。
89951b1a-9b6b-4bc7-82fc-6fc263e91936,table,89951b1a-9b6b-4bc7-82fc-6fc263e91936,openLCA,0.9808049,是,两组物质的名称、同义词、化学成分（Diethyl ether，ethoxyethane）、排放环境（空气中高人口密度区）及唯一标识ID完全一致，仅数据库来源不同，结构和关键属性无差异，故为同一种物质流。
98f28ebe-22c0-4d0b-a2a2-2fcf910a91dd,table,98f28ebe-22c0-4d0b-a2a2-2fcf910a91dd,openLCA,0.983173,是,两组物质流的名称、同义词、排放环境、子环境及ID完全一致，仅数据库来源不同，不影响物质流的本质属性，故为同一种。
7ae0a943-090b-4da6-899f-8c53a33a1db2,table,7ae0a943-090b-4da6-899f-8c53a33a1db2,openLCA,0.9872712,是,两组物质流的名称、同义词、化学结构（ethoxyethane即二乙醚）、排放环境及子环境完全一致，且ID相同，仅数据库来源不同，不影响物质流的本质一致性。
22524a35-32c0-482a-82f7-49724ad1c595,table,22524a35-32c0-482a-82f7-49724ad1c595,openLCA,0.9814511,是,两组物质的名称、同义词、化学结构标识（ID）及排放环境完全一致，且仅数据库来源不同，不影响物质本身的判定。
c3de45a3-e6fd-494e-aa85-d352b478e87b,table,c3de45a3-e6fd-494e-aa85-d352b478e87b,openLCA,1.0000004,是,两组物质流的名称、化学物质标识（ID）、排放环境及细分环境完全一致，仅数据库来源不同，不影响物质流的本质属性。
657d244c-3820-48cd-ac10-ebd0c0ee9703,table,1a98cd22-4b8d-4a22-97a0-aa918ba8196c,openLCA,0.9817964,是,两组物质流的名称、同义词、化学结构描述、排放环境（空气，低人口密度区域）均一致，仅数据库和ID不同，不影响物质流的本质属性。
657d244c-3820-48cd-ac10-ebd0c0ee9703,table,3bd03bc6-68d3-5daa-81a5-94c6c8542afc,table,0.97076,是,两组物质的名称和同义词完全对应，化学结构描述一致，且排放环境相同，唯一差别是数据库ID，不影响物质本身的同一性。
657d244c-3820-48cd-ac10-ebd0c0ee9703,table,cf62c02a-4367-5a70-8f32-ca14eb7d3800,openLCA,0.9704614,是,两组物质的名称和同义词完全对应，均指代有机磷农药敌敌畏（Dimethoate），结构描述虽有细微差异（2-与3-），但均为同一化合物的不同命名方式，且排放环境和子环境一致，故判定为同一种物质流。
657d244c-3820-48cd-ac10-ebd0c0ee9703,table,857e2a6a-7072-4d9d-8c0b-707fdc2bcbc0,table,0.95410055,是,两组物质的名称和同义词完全对应，且其他关键属性（排放区室、数据库类型）一致，表明它们是同一种物质。
657d244c-3820-48cd-ac10-ebd0c0ee9703,table,857e2a6a-7072-4d9d-8c0b-707fdc2bcbc0,openLCA,0.9516174,是,两组物质的名称和同义词均指向相同的化学物质Dimethoate，且描述的化学结构一致，唯一差异在于数据库和ID，属于同一种物质。
1a98cd22-4b8d-4a22-97a0-aa918ba8196c,openLCA,3bd03bc6-68d3-5daa-81a5-94c6c8542afc,table,0.95286363,是,两组物质的名称、同义词、化学结构描述完全一致，且排放环境相同，仅数据库和ID不同，不影响物质本身的同一性。
1a98cd22-4b8d-4a22-97a0-aa918ba8196c,openLCA,cf62c02a-4367-5a70-8f32-ca14eb7d3800,openLCA,0.95232916,是,两组物质的名称和同义词完全对应，均为Dimethoate，且排放区间和数据库来源一致，结构和成分描述无实质差异，仅ID不同，属于同一种物质流。
1a98cd22-4b8d-4a22-97a0-aa918ba8196c,openLCA,857e2a6a-7072-4d9d-8c0b-707fdc2bcbc0,table,0.92524374,是,两组物质的名称和同义词完全对应，且均为Dimethoate，化学结构和成分一致，唯一差别在数据库和ID，属于同一种物质流。
1a98cd22-4b8d-4a22-97a0-aa918ba8196c,openLCA,857e2a6a-7072-4d9d-8c0b-707fdc2bcbc0,openLCA,0.9222533,是,两组物质的名称和同义词完全对应，均指代同一化学物质Dimethoate，且排放环境和数据库来源一致，结构和成分无差异。
6d1613a4-9af4-5bb3-b159-ac480ee22c7e,table,9b7517da-bb9d-4e28-ad22-176545b1f684,openLCA,0.9813304,是,两组物质的名称、同义词、化学结构描述、排放环境及子环境完全一致，仅数据库和ID不同，属于同一种物质流。
6d1613a4-9af4-5bb3-b159-ac480ee22c7e,table,777f45bb-52e1-5bbc-aa40-62a87b53a206,table,0.969907,是,两组物质的名称和同义词完全对应，且描述的化学结构名称一致，唯一差异是ID不同，ID属于数据库标识，不影响物质本身的判定。
6d1613a4-9af4-5bb3-b159-ac480ee22c7e,table,8c880730-50fd-5bf1-9698-6d151b03e5c7,openLCA,0.9689552,否,两组物质的名称和主要同义词相同，但分子结构描述中的数字前缀不同（2-与5-），表明化学结构存在差异，且数据库和ID不同，故不是同一种物质。
6d1613a4-9af4-5bb3-b159-ac480ee22c7e,table,cbad8aa1-0cfe-47c0-b7d5-7b58c433e601,openLCA,0.9523216,是,两组物质的名称和同义词均指向相同的化学物质——敌敌畏（Dimethoate），且描述的化学结构一致，唯一差异在于数据库和ID，属于同一种物质。
6d1613a4-9af4-5bb3-b159-ac480ee22c7e,table,cbad8aa1-0cfe-47c0-b7d5-7b58c433e601,table,0.95224684,是,两组物质的名称和同义词均指向相同的化学物质Dimethoate，且结构描述一致，唯一差异是ID不同，ID属于数据库内部标识，不影响物质本身的判定。
9b7517da-bb9d-4e28-ad22-176545b1f684,openLCA,777f45bb-52e1-5bbc-aa40-62a87b53a206,table,0.95197594,是,两组物质的名称和同义词完全对应，化学结构描述一致，排放环境和子环境相同，仅数据库和ID不同，不影响物质本身的同一性。
9b7517da-bb9d-4e28-ad22-176545b1f684,openLCA,8c880730-50fd-5bf1-9698-6d151b03e5c7,openLCA,0.9518347,否,两组物质的名称和同义词基本一致，但B组中出现了‘5-dimethoxyphosphinothioylsulfanyl-N-methylacetamide’，与A组的‘2-dimethoxyphosphinothioylsulfanyl-N-methylacetamide’不同，表明化学结构位置不同，属于不同物质。
9b7517da-bb9d-4e28-ad22-176545b1f684,openLCA,cbad8aa1-0cfe-47c0-b7d5-7b58c433e601,openLCA,0.92666936,是,两组物质的名称和同义词完全对应，且化学结构描述一致，均为同一化合物Dimethoate，且环境分区和数据库来源相同，仅ID不同，属于同一种物质流。
9b7517da-bb9d-4e28-ad22-176545b1f684,openLCA,cbad8aa1-0cfe-47c0-b7d5-7b58c433e601,table,0.9256089,是,两组物质的名称、同义词及化学结构描述一致，均指代同一化合物Dimethoate，且环境分区和排放途径相同，仅数据库和ID不同，不影响物质本身的同一性。
f8dacb2c-6b05-5aa1-8fc8-40cda8bfc188,table,00b55d37-8eb5-4a65-9309-cd897f67084a,openLCA,0.9731382,是,两组物质的名称、同义词、化学结构描述、排放区室及子区室均一致，仅数据库和ID不同，属于同一种物质流。
f8dacb2c-6b05-5aa1-8fc8-40cda8bfc188,table,79def65c-bd77-4fb2-a1df-f4dba98ada8f,table,0.9555985,否,两组物质的名称和同义词基本相同，但第二组中出现了“6-dimethoxyphosphinothioylsulfanyl-N-methylacetamide”，与第一组的“2-dimethoxyphosphinothioylsulfanyl-N-methylacetamide”不同，数字位置差异表明化学结构可能不同，且ID不同，故判为不是同一种物质。
f8dacb2c-6b05-5aa1-8fc8-40cda8bfc188,table,79def65c-bd77-4fb2-a1df-f4dba98ada8f,openLCA,0.95451564,是,两组物质的名称和同义词均指向同一化学物质Dimethoate，且化学结构描述一致，唯一差异在数据库和ID，属于同一物质的不同数据记录。
f8dacb2c-6b05-5aa1-8fc8-40cda8bfc188,table,ffcd4d88-aeb9-491c-ae8c-98838ed38b4d,table,0.94898593,是,两组物质的化学名称、同义词及化学结构描述一致，均指代杀虫剂敌敌畏（Dimethoate），且其他属性如排放区室和数据库类型相同，仅ID不同，属于同一种物质流。
f8dacb2c-6b05-5aa1-8fc8-40cda8bfc188,table,ffcd4d88-aeb9-491c-ae8c-98838ed38b4d,openLCA,0.9457025,是,两组物质的名称、同义词和化学结构描述一致，均指代杀虫剂敌敌畏（Dimethoate），仅数据库和ID不同，其他关键属性相同。
00b55d37-8eb5-4a65-9309-cd897f67084a,openLCA,79def65c-bd77-4fb2-a1df-f4dba98ada8f,table,0.9325453,是,两组物质的名称和同义词均指向相同的化学物质Dimethoate，且关键化学结构描述一致，唯一差异为数据库来源和ID，结构、成分和关键属性无实质差别。
00b55d37-8eb5-4a65-9309-cd897f67084a,openLCA,79def65c-bd77-4fb2-a1df-f4dba98ada8f,openLCA,0.9310019,是,两组物质的名称和同义词均指向相同的化学物质Dimethoate，且化学结构描述一致，唯一差异为ID不同，属于同一物质的不同数据库条目。
00b55d37-8eb5-4a65-9309-cd897f67084a,openLCA,ffcd4d88-aeb9-491c-ae8c-98838ed38b4d,table,0.91337997,是,两组物质的名称、同义词及化学结构描述一致，均指代有机磷杀虫剂敌敌畏（Dimethoate），仅数据库和ID不同，不影响物质本身的同一性。
00b55d37-8eb5-4a65-9309-cd897f67084a,openLCA,ffcd4d88-aeb9-491c-ae8c-98838ed38b4d,openLCA,0.9114009,是,"两组物质的名称和同义词均指向相同的化学物质——敌敌畏（Dimethoate），且化学结构描述一致，均为O,O-二甲基S-甲基氨基甲酰甲基膦硫代磷酸酯，数据库和排放环境相同，故判定为同一种物质。"
3bd03bc6-68d3-5daa-81a5-94c6c8542afc,table,cf62c02a-4367-5a70-8f32-ca14eb7d3800,openLCA,0.9981664,是,两组物质的名称、同义词、化学结构描述（尽管数字位置略有不同，但化学式和结构一致），排放环境和亚环境均相同，仅数据库和ID不同，数据库和ID差异不影响物质本身的同一性。
3bd03bc6-68d3-5daa-81a5-94c6c8542afc,table,857e2a6a-7072-4d9d-8c0b-707fdc2bcbc0,table,0.96407604,是,两组物质的化学名称、同义词和化学结构描述完全一致，且均指向同一化合物Dimethoate，唯一差异是数据库ID不同，ID属于数据管理标识，不影响物质本身的化学性质和结构。
3bd03bc6-68d3-5daa-81a5-94c6c8542afc,table,857e2a6a-7072-4d9d-8c0b-707fdc2bcbc0,openLCA,0.9613461,是,两组物质的化学名称、同义词均指向同一化合物Dimethoate，且关键结构描述一致，唯一差异在于数据库和ID，属于同一物质。
cf62c02a-4367-5a70-8f32-ca14eb7d3800,openLCA,857e2a6a-7072-4d9d-8c0b-707fdc2bcbc0,openLCA,0.96489036,是,两组物质的名称、同义词和化学结构描述完全一致，且均来自同一数据库和相同环境分区，唯一差别是ID不同，ID属于数据库内部标识，不影响物质本身的判定。
cf62c02a-4367-5a70-8f32-ca14eb7d3800,openLCA,857e2a6a-7072-4d9d-8c0b-707fdc2bcbc0,table,0.9626325,是,两组物质的化学名称和同义词均指向同一化合物Dimethoate，且关键结构描述一致，尽管数据库和ID不同，但成分和结构无差异。
777f45bb-52e1-5bbc-aa40-62a87b53a206,table,8c880730-50fd-5bf1-9698-6d151b03e5c7,openLCA,0.9981434,否,两组物质的化学名称中关键部分数字不同（4-与5-），且数据库来源不同，表明结构或标识存在差异，故不是同一种物质流。
777f45bb-52e1-5bbc-aa40-62a87b53a206,table,cbad8aa1-0cfe-47c0-b7d5-7b58c433e601,table,0.96374154,是,两组物质的名称、同义词和描述完全对应，且关键属性（名称、同义词、分子结构描述、环境分区）一致，仅ID不同，表明是同一种物质的不同数据库记录。
777f45bb-52e1-5bbc-aa40-62a87b53a206,table,cbad8aa1-0cfe-47c0-b7d5-7b58c433e601,openLCA,0.9619556,是,两组物质的化学名称和同义词均指向同一化合物Dimethoate，且描述的化学结构一致，尽管名称顺序略有不同，但本质相同，且均为同一物质的不同数据库记录。
8c880730-50fd-5bf1-9698-6d151b03e5c7,openLCA,cbad8aa1-0cfe-47c0-b7d5-7b58c433e601,openLCA,0.96299964,是,两组物质的名称、同义词和化学结构描述完全一致，且均指代同一化合物Dimethoate，唯一差别是数据库ID不同，不影响物质本身的同一性。
8c880730-50fd-5bf1-9698-6d151b03e5c7,openLCA,cbad8aa1-0cfe-47c0-b7d5-7b58c433e601,table,0.95970505,是,两组物质的名称、同义词均指向同一化学物质Dimethoate，且描述的化学结构一致，尽管部分名称表达顺序不同，但化学式和关键属性相同，属于同一种物质。
79def65c-bd77-4fb2-a1df-f4dba98ada8f,table,79def65c-bd77-4fb2-a1df-f4dba98ada8f,openLCA,0.99688995,否,两组物质的化学描述中，A组为“6-dimethoxyphosphinothioylsulfanyl-N-methylacetamide”，B组为“7-dimethoxyphosphinothioylsulfanyl-N-methylacetamide”，数字位置不同，表明结构或命名存在差异，且数据库来源不同，故判定不是同一种物质。
79def65c-bd77-4fb2-a1df-f4dba98ada8f,table,ffcd4d88-aeb9-491c-ae8c-98838ed38b4d,table,0.95913935,是,两组物质的名称、同义词和化学结构描述完全一致，且均指代杀虫剂敌敌畏（Dimethoate），仅ID不同不影响物质本质。
79def65c-bd77-4fb2-a1df-f4dba98ada8f,table,ffcd4d88-aeb9-491c-ae8c-98838ed38b4d,openLCA,0.957447,是,两组物质的名称和同义词均指向同一化学物质Dimethoate，且结构描述中的差异为命名方式或编号差异，未体现实质性结构或成分差异，且均为同一排放环境，故判定为同一种物质。
79def65c-bd77-4fb2-a1df-f4dba98ada8f,openLCA,ffcd4d88-aeb9-491c-ae8c-98838ed38b4d,openLCA,0.96342176,是,两组物质的名称、同义词和化学结构描述完全一致，且均指代同一化合物Dimethoate，唯一差异是数据库ID不同，不影响物质本身的同一性。
79def65c-bd77-4fb2-a1df-f4dba98ada8f,openLCA,ffcd4d88-aeb9-491c-ae8c-98838ed38b4d,table,0.9554706,是,"两组物质的名称和同义词均指向同一化学物质Dimethoate，且结构描述中的差异为命名方式或编号顺序不同，实质化学结构和成分一致，均为O,O-dimethyl S-methylcarbamoylmethyl phosphorodithioate。"
857e2a6a-7072-4d9d-8c0b-707fdc2bcbc0,table,857e2a6a-7072-4d9d-8c0b-707fdc2bcbc0,openLCA,0.9909667,否,两者名称中数字位置不同（2-与3-），表明分子结构中取代基位置不同，属于不同的化合物，尽管同义词和其他属性相似。
cbad8aa1-0cfe-47c0-b7d5-7b58c433e601,table,cbad8aa1-0cfe-47c0-b7d5-7b58c433e601,openLCA,0.9933271,否,两者名称中关键结构位置数字不同（4-与5-），表明分子结构位置异构，虽同为Dimethoate的同义词，但具体化学结构不同，故不是同一种物质流。
ffcd4d88-aeb9-491c-ae8c-98838ed38b4d,table,ffcd4d88-aeb9-491c-ae8c-98838ed38b4d,openLCA,0.9869565,否,两者名称中数字位置不同（6-与7-），表明分子结构中取代基位置不同，属于不同的化合物，尽管同义词和其他属性相似。
